Year,Month,Met region,Station ,Tmean,Tmean max,Tmean min,Rtotal,Rdays,Hmean ,Mch,Mfv,,
1875,Jan,SIND,JAC,n/a,n/a,n/a,0,0,n/a,0,91,,
1875,Jan,,SHI,n/a,n/a,n/a,0,0,n/a,0,739,,
1875,Jan,,HYD,n/a,n/a,n/a,0,0,n/a,0,709,,
1875,Jan,,KAR,64.1,76.9,52.6,0.05,1,57,0,446,,
1875,Feb,,JAC,n/a,n/a,n/a,0.82,n/a,n/a,0,37,,
1875,Feb,,SHI,n/a,n/a,n/a,0.82,n/a,n/a,0,656,,
1875,Feb,,HYD,n/a,n/a,n/a,0,0,n/a,0,652,,
1875,Feb,,KAR,64.5,76.3,54.7,0.41,5,54,0,399,,
1875,Mar,,JAC,n/a,n/a,n/a,0,0,n/a,0,65,,
1875,Mar,,SHI,n/a,n/a,n/a,0,0,n/a,0,475,,
1875,Mar,,HYD,n/a,n/a,n/a,0,0,n/a,0,527,,
1875,Mar,,KAR,75.4,86.9,68.3,0,0,70,0,312,,
1875,Apr,,JAC,n/a,n/a,n/a,0,0,n/a,0,36,,
1875,Apr,,SHI,n/a,n/a,n/a,0,0,n/a,0,418,,
1875,Apr,,HYD,n/a,n/a,n/a,0,0,n/a,0,337,,
1875,Apr,,KAR,79.6,90.1,73.1,0,0,63,0,230,,
1875,May,,JAC,n/a,n/a,n/a,0,0,n/a,0,30,,
1875,May,,SHI,n/a,n/a,n/a,0,0,n/a,0,416,,
1875,May,,HYD,n/a,n/a,n/a,0.2,1,n/a,0,242,,
1875,May,,KAR,83.9,93,78.3,0,0,68,0,200,,
1875,Jun,,JAC,n/a,n/a,n/a,0,0,n/a,0,49,,
1875,Jun,,SHI,n/a,n/a,n/a,0,0,n/a,0,350,,
1875,Jun,,HYD,n/a,n/a,n/a,0,0,n/a,0,250,,
1875,Jun,,KAR,86.7,95,82.7,0,0,68,0,204,,
1875,Jul,,JAC,n/a,n/a,n/a,1.17,n/a,n/a,0,22,,
1875,Jul,,SHI,n/a,n/a,n/a,1.17,n/a,n/a,0,283,,
1875,Jul,,HYD,n/a,n/a,n/a,10.98,n/a,n/a,0,209,,
1875,Jul,,KAR,80.4,87.2,79.2,3.74,11,79,0,159,,
1875,Aug,,JAC,n/a,n/a,n/a,0,0,n/a,0,24,,
1875,Aug,,SHI,n/a,n/a,n/a,0,0,n/a,0,286,,
1875,Aug,,HYD,n/a,n/a,n/a,0,0,n/a,0,250,,
1875,Aug,,KAR,79.6,86.6,77.7,0.1,2,75,0,221,,
1875,Sep,,JAC,n/a,n/a,n/a,0.82,n/a,n/a,0,33,,
1875,Sep,,SHI,n/a,n/a,n/a,0.82,n/a,n/a,0,376,,
1875,Sep,,HYD,n/a,n/a,n/a,0.16,n/a,n/a,0,296,,
1875,Sep,,KAR,81,88.8,78.3,2.7,1,74,0,190,,
1875,Oct,,JAC,n/a,n/a,n/a,0,0,n/a,0,54,,
1875,Oct,,SHI,n/a,n/a,n/a,0,0,n/a,0,596,,
1875,Oct,,HYD,n/a,n/a,n/a,0,0,n/a,0,320,,
1875,Oct,,KAR,77.1,90.5,68.2,0,0,61,0,258,,
1875,Nov,,JAC,n/a,n/a,n/a,0.51,n/a,n/a,0,68,,
1875,Nov,,SHI,n/a,n/a,n/a,0.51,n/a,n/a,0,906,,
1875,Nov,,HYD,n/a,n/a,n/a,0.44,n/a,n/a,0,493,,
1875,Nov,,KAR,72.5,87.5,65.1,1.38,4,56,17,422,,
1875,Dec,,JAC,n/a,n/a,n/a,0.07,1,n/a,0,92,,
1875,Dec,,SHI,n/a,n/a,n/a,0.07,1,n/a,0,796,,
1875,Dec,,HYD,n/a,n/a,n/a,0,0,n/a,0,628, ,
1875,Dec,,KAR,66.1,77.9,57.1,1.13,2,58,25,518,,
1876,Jan,SIND,JAC,n/a,n/a,n/a,0.2,n/a,n/a,0,119,,
1876,Jan,,SHI,n/a,n/a,n/a,0.2,n/a,n/a,0,722,,
1876,Jan,,HYD,n/a,n/a,n/a,0.17,n/a,n/a,0,733,,
1876,Jan,,KAR,65.2,76.6,54.4,0,0,52,0,496,,
1876,Feb,,JAC,n/a,n/a,n/a,0.02,1,n/a,0,56,,
1876,Feb,,SHI,n/a,n/a,n/a,0.02,1,n/a,0,693,,
1876,Feb,,HYD,n/a,n/a,n/a,0,0,n/a,0,620,,
1876,Feb,,KAR,69.9,79.3,58.3,0.06,1,54,0,441,,
1876,Mar,,JAC,n/a,n/a,n/a,0.26,n/a,n/a,0,77,,
1876,Mar,,SHI,n/a,n/a,n/a,0.26,n/a,n/a,0,638,,
1876,Mar,,HYD,n/a,n/a,n/a,0.06,1,n/a,0,429,,
1876,Mar,,KAR,78.1,83.9,68.5,0.07,1,58,0,357,,
1876,Apr,,JAC,n/a,n/a,n/a,0,0,n/a,0,59,,
1876,Apr,,SHI,n/a,n/a,n/a,0,0,n/a,0,469,,
1876,Apr,,HYD,n/a,n/a,n/a,0,0,n/a,0,349,,
1876,Apr,,KAR,81.5,91.5,71.6,0,0,51,0,295,,
1876,May,,JAC,n/a,n/a,n/a,0,0,n/a,0,50,,
1876,May,,SHI,n/a,n/a,n/a,0,0,n/a,0,416,,
1876,May,,HYD,n/a,n/a,n/a,0,0,n/a,0,336,,
1876,May,,KAR,86.4,95.3,79,0,0,65,0,213,,
1876,Jun,,JAC,n/a,n/a,n/a,0.09,1,n/a,0,38,,
1876,Jun,,SHI,n/a,n/a,n/a,0.09,1,n/a,0,342,,
1876,Jun,,HYD,n/a,n/a,n/a,0,0,n/a,0,261,,
1876,Jun,,KAR,87.3,93.4,82.2,0,0,67,0,214,,
1876,Jul,,JAC,n/a,n/a,n/a,3.91,n/a,n/a,0,47,,
1876,Jul,,SHI,n/a,n/a,n/a,3.91,n/a,n/a,0,262,,
1876,Jul,,HYD,n/a,n/a,n/a,5.28,n/a,n/a,0,214,,
1876,Jul,,KAR,84.5,89.3,81.7,4,5,77,0,182,,
1876,Aug,,JAC,n/a,n/a,n/a,1.71,n/a,n/a,0,27,,
1876,Aug,,SHI,n/a,n/a,n/a,1.71,n/a,n/a,0,277,,
1876,Aug,,HYD,n/a,n/a,n/a,3.17,n/a,n/a,0,225,,
1876,Aug,,KAR,82.1,86.3,79,1.24,5,75,0,252,,
1876,Sep,,JAC,n/a,n/a,n/a,0,0,n/a,0,40,,
1876,Sep,,SHI,n/a,n/a,n/a,0,0,n/a,0,419,,
1876,Sep,,HYD,n/a,n/a,n/a,0,0,n/a,0,374,,
1876,Sep,,KAR,81.9,87.3,77.2,0,0,74,0,301,,
1876,Oct,,JAC,n/a,n/a,n/a,0,0,n/a,0,98,,
1876,Oct,,SHI,n/a,n/a,n/a,0,0,n/a,0,867,,
1876,Oct,,HYD,n/a,n/a,n/a,0,0,n/a,0,640,,
1876,Oct,,KAR,78.5,87.9,71.4,0,0,64,0,494,,
1876,Nov,,JAC,n/a,n/a,n/a,0.39,n/a,n/a,0,109,,
1876,Nov,,SHI,n/a,n/a,n/a,0.39,n/a,n/a,0,1070,,
1876,Nov,,HYD,n/a,n/a,n/a,0,0,n/a,0,904,,
1876,Nov,,KAR,72.2,84.3,63.9,0.03,2,64,0,807,,
1876,Dec,,JAC,n/a,n/a,n/a,0.03,1,n/a,0,96,,
1876,Dec,,SHI,n/a,n/a,n/a,0.03,1,n/a,0,830,,
1876,Dec,,HYD,n/a,n/a,n/a,0,0,n/a,0,970,,
1876,Dec,,KAR,69.2,81.5,57.1,0,0,51,0,859,,
1877,Jan,SIND,JAC,n/a,n/a,n/a,0,0,n/a,0,75,,
1877,Jan,,SHI,n/a,n/a,n/a,0,0,n/a,0,762,,
1877,Jan,,HYD,n/a,n/a,n/a,0,0,n/a,0,888,,
1877,Jan,,KAR,64.9,76.2,54.9,0,0,53,0,659,,
1877,Feb,,JAC,n/a,n/a,n/a,0.07,1,n/a,0,72,,
1877,Feb,,SHI,n/a,n/a,n/a,0.07,1,n/a,0,562,,
1877,Feb,,HYD,n/a,n/a,n/a,0.43,n/a,n/a,0,837,,
1877,Feb,,KAR,68.6,79.2,58,1.58,3,55,0,610,,
1877,Mar,,JAC,73.5,89.8,59.9,0,0,58,0,74,,
1877,Mar,,SHI,73.5,89.8,59.9,0,0,58,0,584,,
1877,Mar,,HYD,n/a,n/a,n/a,0.03,1,n/a,0,903,,
1877,Mar,,KAR,77.3,85.2,69.1,0.08,1,69,0,571,,
1877,Apr,,JAC,78.6,92.4,67.5,0.2,n/a,66,0,52,,
1877,Apr,,SHI,78.6,92.4,67.5,0.2,n/a,66,0,526,,
1877,Apr,,HYD,n/a,n/a,n/a,0.55,n/a,n/a,0,657,,
1877,Apr,,KAR,80.1,87.7,73.8,0.22,2,74,0,444,,
1877,May,,JAC,88.5,105,74.8,0,0,59,0,62,,
1877,May,,SHI,88.5,105,74.8,0,0,59,0,483,,
1877,May,,HYD,n/a,n/a,n/a,0,0,n/a,0,539,,
1877,May,,KAR,86.2,92.9,79.9,0,0,69,0,400,,
1877,Jun,,JAC,95.1,110.2,82.3,0,0,n/a,0,46,,
1877,Jun,,SHI,95.1,110.2,82.3,0,0,n/a,0,402,,
1877,Jun,,HYD,91.9,105.3,81.6,0,0,n/a,0,377,,
1877,Jun,,KAR,87.3,92.7,83.1,0,0,73,0,305,,
1877,Jul,,JAC,93.8,107.3,82,0,0,54,0,43,,
1877,Jul,,SHI,93.8,107.3,82,0,0,54,0,427,,
1877,Jul,,HYD,88.8,n/a,81,0,0,61,0,310,,
1877,Jul,,KAR,85.7,90.6,82.1,0,0,70,0,275,,
1877,Aug,,JAC,92.4,107,79.6,0,0,52,0,43,,
1877,Aug,,SHI,92.4,107,79.6,0,0,52,0,410,,
1877,Aug,,HYD,87.4,n/a,78.6,0,0,63,0,376,,
1877,Aug,,KAR,83.5,89,79.7,0,0,71,0,276,,
1877,Sep,,JAC,86.2,101.3,74.8,0.95,n/a,58,0,34,,
1877,Sep,,SHI,86.2,101.3,74.8,0.95,n/a,58,0,444,,
1877,Sep,,HYD,86.2,n/a,77,2.39,n/a,72,0,422,,
1877,Sep,,KAR,83,89.6,78,0.16,2,74,0,272,,
1877,Oct,,JAC,76.8,94.8,64.9,0,0,56,0,38,,
1877,Oct,,SHI,76.8,94.8,64.9,0,0,56,0,598,,
1877,Oct,,HYD,82.9,95.5,71.2,0,0,n/a,0,493,,
1877,Oct,,KAR,80.9,92.7,71.7,0,0,55,0,455,,
1877,Nov,,JAC,68.9,84,59,0.86,n/a,64,0,42,,
1877,Nov,,SHI,68.9,84,59,0.86,n/a,64,0,610,,
1877,Nov,,HYD,77,89.7,66.5,0,0,68,0,597,,
1877,Nov,,KAR,75.9,87.7,67.6,0.02,1,63,0,488,,
1877,Dec,,JAC,61,71,46.2,0.51,n/a,60,0,51,,
1877,Dec,,SHI,61,71,46.2,0.51,n/a,60,0,586,,
1877,Dec,,HYD,62.8,75.3,52.1,0,0,61,0,729,,
1877,Dec,,KAR,66.4,76.9,56.2,0.03,2,65,0,595,,
1878,Jan,SIND,JAC,54.1,70.2,40.3,0.05,2,48,0,53,,
1878,Jan,,SHI,54.1,70.2,40.3,0.05,2,48,0,540,,
1878,Jan,,HYD,59.9,74.3,46.9,0,0,57,0,713,,
1878,Jan,,KAR,62,74.3,50.3,0.29,2,53,0,694,,
1878,Feb,,JAC,63,75.9,51.8,0.58,9,52,0,48,,
1878,Feb,,SHI,63,75.9,51.8,0.58,9,52,0,519,,
1878,Feb,,HYD,68.2,80.4,58.1,0.12,3,60,0,742,,
1878,Feb,,KAR,69.3,78.4,60.8,0.31,3,66,0,654,,
1878,Mar,,JAC,76.4,93.7,62.2,0,0,39,0,43,,
1878,Mar,,SHI,76.4,93.7,62.2,0,0,39,0,411,,
1878,Mar,,HYD,80.6,96.4,66.2,0.11,1,59,0,598,,
1878,Mar,,KAR,77.2,86.8,67,0,0,68,0,524,,
1878,Apr,,JAC,82.4,99.1,68.3,0.1,3,42,0,49,,
1878,Apr,,SHI,82.4,99.1,68.3,0.1,3,42,0,400,,
1878,Apr,,HYD,84.9,99.8,72,0,0,53,0,472,,
1878,Apr,,KAR,80,88.8,71.5,0,0,67,0,376,,
1878,May,,JAC,91.3,107.8,78.1,0.08,1,41,0,37,,
1878,May,,SHI,91.3,107.8,78.1,0.08,1,41,0,408,,
1878,May,,HYD,90.6,106.6,78.9,0.2,2,52,0,373,,
1878,May,,KAR,85.5,92.8,79.6,0,0,74,0,288,,
1878,Jun,,JAC,96.1,111.8,83,0.03,1,36,0,37,,
1878,Jun,,SHI,96.1,111.8,83,0.03,1,36,0,355,,
1878,Jun,,HYD,92,105.4,82.1,0.15,2,55,0,284,,
1878,Jun,,KAR,87.9,94.7,82.6,0.07,1,73,0,220,,
1878,Jul,,JAC,94.9,108.2,85.6,2.72,6,51,0,36,,
1878,Jul,,SHI,94.9,108.2,85.6,2.72,6,51,0,458,,
1878,Jul,,HYD,90.1,101.5,82.7,4.31,8,62,0,278,,
1878,Jul,,KAR,86.4,92.6,82,11.25,7,74,0,233,,
1878,Aug,,JAC,87,95.6,82.1,7.88,13,74,0,24,,
1878,Aug,,SHI,87,95.6,82.1,7.88,13,74,0,303,,
1878,Aug,,HYD,84,91.7,79.1,11.56,13,77,0,289,,
1878,Aug,,KAR,82.7,87.9,79.5,11.26,15,83,0,306,,
1878,Sep,,JAC,89.7,100.7,81.3,0,0,61,0,68,,
1878,Sep,,SHI,89.7,100.7,81.3,0,0,61,0,549,,
1878,Sep,,HYD,88.3,99.7,80.2,0,0,62,0,607,,
1878,Sep,,KAR,86,92.3,80.5,0.65,2,73,0,467,,
1878,Oct,,JAC,80.1,95.7,68.1,0,0,54,0,70,,
1878,Oct,,SHI,80.1,95.7,68.1,0,0,54,0,805,,
1878,Oct,,HYD,84.7,98.7,72.6,0,0,51,0,1136,,
1878,Oct,,KAR,82.6,93.5,74.2,0,0,61,0,540,,
1878,Nov,,JAC,62.7,83.3,47.3,0,0,52,0,78,,
1878,Nov,,SHI,62.7,83.3,47.3,0,0,52,0,1007,,
1878,Nov,,HYD,70.3,86.3,56.4,0,0,55,0,1430,,
1878,Nov,,KAR,71.5,86.9,58.3,0,0,49,0,730,,
1878,Dec,,JAC,54.9,74.4,38.8,0,0,49,0,59,,
1878,Dec,,SHI,54.9,74.4,38.8,0,0,49,0,762,,
1878,Dec,,HYD,61.2,75.8,47.9,0,0,54,0,1360,,
1878,Dec,,KAR,64.5,78.3,51.2,0,0,62,0,791,,
1879,Jan,SIND,JAC,56.9,75.9,41.4,0,0,46,0,73,,
1879,Jan,,SHI,56.9,75.9,41.4,0,0,46,0,625,,
1879,Jan,,HYD,62.6,78.2,48.7,0,0,50,0,1174,,
1879,Jan,,KAR,64.8,78.7,52,0,0,58,0,655,,
1879,Feb,,JAC,64,81.2,48.9,0,0,39,0,62,,
1879,Feb,,SHI,64,81.2,48.9,0,0,39,0,563,,
1879,Feb,,HYD,68.6,83.2,55.3,0,0,48,0,965,,
1879,Feb,,KAR,73.4,81.9,56.2,0,0,49,0,509,,
1879,Mar,,JAC,67.8,82.6,55.1,0.68,3,49,0,65,,
1879,Mar,,SHI,67.8,82.6,55.1,0.68,3,49,0,404,,
1879,Mar,,HYD,73.4,87.4,61.2,0.2,2,46,0,882,,
1879,Mar,,KAR,73.7,82.1,64.8,1,3,66,0,396,,
1879,Apr,,JAC,81.8,100.9,65.1,0,0,31,0,52,,
1879,Apr,,SHI,81.8,100.9,65.1,0,0,31,0,362,,
1879,Apr,,HYD,85.4,102.6,70.5,0.32,1,51,0,557,,
1879,Apr,,KAR,80.3,90.7,71,0,0,65,0,413,,
1879,May,,JAC,88.8,107.7,73,0,0,31,8,22,,
1879,May,,SHI,88.8,107.7,73,0,0,31,204,477,,
1879,May,,HYD,92.6,109.1,78,0,0,39,380,511,,
1879,May,,KAR,87.6,98.2,77.9,0,0,65,219,440,,
1879,Jun,,JAC,92.9,106.8,81.2,0.18,1,49,85,38,,
1879,Jun,,SHI,92.9,106.8,81.2,0.18,1,49,673,415,,
1879,Jun,,HYD,89.7,101.4,81,0.7,2,57,909,319,,
1879,Jun,,KAR,86.1,92.7,81.8,0.04,2,74,607,369,,
1879,Jul,,JAC,92.9,106.4,81.4,0,0,54,6,28,,
1879,Jul,,SHI,92.9,106.4,81.4,0,0,54,133,278,,
1879,Jul,,HYD,86.8,98.9,78.4,1.52,2,59,144,202,,
1879,Jul,,KAR,82.7,88.8,78.6,0,0,75,322,328,,
1879,Aug,,JAC,90.8,103.3,81.8,0.45,4,59,0,33,,
1879,Aug,,SHI,90.8,103.3,81.8,0.45,4,59,37,243,,
1879,Aug,,HYD,86.1,97.2,78.7,0.55,3,63,0,262,,
1879,Aug,,KAR,8,88.4,77.8,0.87,7,76,26,270,,
1879,Sep,,JAC,86.7,101.3,74.6,0,0,55,0,38,,
1879,Sep,,SHI,86.7,101.3,74.6,0,0,55,95,342,,
1879,Sep,,HYD,84.9,97.3,75.3,0,0,58,0,322,,
1879,Sep,,KAR,80.5,87.5,75.2,0.01,1,77,1,281,,
1879,Oct,,JAC,76.7,96.8,61.3,0,0,48,0,40,,
1879,Oct,,SHI,76.7,96.8,61.3,0,0,48,184,556,,
1879,Oct,,HYD,82.2,97.3,69.9,0,0,43,0,468,,
1879,Oct,,KAR,78.9,89.8,70.7,0,0,66,0,300,,
1879,Nov,,JAC,63,83.7,45.8,0,0,41,0,57,,
1879,Nov,,SHI,63,83.7,45.8,0,0,41,33,615,,
1879,Nov,,HYD,68.7,85,54.9,0,0,42,0,632,,
1879,Nov,,KAR,69.8,84.6,58.2,0,0,51,0,389,,
1879,Dec,,JAC,57.1,76,39.5,0,0,42,0,60,,
1879,Dec,,SHI,57.1,76,39.5,0,0,42,0,628,,
1879,Dec,,HYD,63,78.5,50.3,0,0,40,0,820,,
1879,Dec,,KAR,66.7,79,54.7,0,0,57,0,537,,
1880,Jan,SIND,JAC,60.3,78.9,42.6,0,0,39,0,70,,
,,,,,,,,,,0,590,,
1880,Jan,,HYD,66.2,81.9,52.4,0,0,44,0,744,,
1880,Jan,,KAR,68.5,79.9,55,0,0,55,0,447,,
1880,Feb,,JAC,57.8,73.4,43.8,0.65,2,36,0,58,,
,,,,,,,,,,0,599,,
1880,Feb,,HYD,62.2,76,50.7,0.42,1,31,0,980,,
1880,Feb,,KAR,65.5,77.4,53.2,0.21,4,48,0,503,,
1880,Mar,,JAC,81.8,101,63.6,0,0,32,0,35,,
,,,,,,,,,,0,504,,
1880,Mar,,HYD,84.3,102.1,68.4,0,0,30,0,758,,
1880,Mar,,KAR,79.9,91.8,68.3,0,0,61,0,395,,
1880,Apr,,JAC,86.5,105.8,68.2,0,0,30,0,41,,
,,,,,,,,,,0,473,,
1880,Apr,,HYD,87.8,104.7,73.1,0,0,28,0,521,,
1880,Apr,,KAR,83,93.1,74,0,0,59,0,336,,
1880,May,,JAC,94.2,111.6,77.9,0,0,39,0,48,,
,,,,,,,,,,0,485,,
1880,May,,HYD,89.4,104.8,77.2,0,0,46,0,418,,
1880,May,,KAR,84.1,90.7,78.3,0,0,80,0,295,,
1880,Jun,,JAC,96.3,110.8,83.2,0,0,47,0,15,,
,,,,,,,,,,0,392,,
1880,Jun,,HYD,89.4,102.2,80.2,0,0,54,0,270,,
1880,Jun,,KAR,84.6,90.4,80.4,0,0,83,0,255,,
1880,Jul,,JAC,93.6,106.4,82.5,0.64,1,51,0,25,,
,,,,,,,,,,0,317,,
1880,Jul,,HYD,87.6,98.9,79.6,0.5,1,57,0,303,,
1880,Jul,,KAR,83.7,n/a,79.8,0.13,1,83,0,228,,
1880,Aug,,JAC,91.7,105.5,79.2,0,0,50,0,18,,
,,,,,,,,,,0,266,,
1880,Aug,,HYD,n/a,n/a,n/a,0,0,n/a,0,287,,
1880,Aug,,KAR,81.9,n/a,77.9,0,0,83,0,260,,
1880,Sep,,JAC,87,103.2,73.6,0.19,1,48,0,23,,
,,,,,,,,,,0,326,,
1880,Sep,,HYD,n/a,n/a,n/a,1.55,3,n/a,0,332,,
1880,Sep,,KAR,80.8,87.4,75.9,3.88,5,81,0,272,,
1880,Oct,,JAC,79.4,99.8,61.3,0,0,38,0,19,,
,,,,,,,,,,0,414,,
1880,Oct,,HYD,n/a,n/a,n/a,0,0,n/a,0,407,,
1880,Oct,,KAR,79.4,90.9,71.4,0,0,64,0,377,,
1880,Nov,,JAC,66.4,86,49.8,0,0,40,0,33,,
,,,,,,,,,,0,480,,
1880,Nov,,HYD,n/a,n/a,n/a,0,0,n/a,0,535,,
1880,Nov,,KAR,72.4,86.2,61.5,0,0,46,0,631,,
1880,Dec,,JAC,59.6,76.2,45.8,0.11,1,50,0,35,,
,,,,,,,,,,0,585,,
1880,Dec,,HYD,n/a,n/a,n/a,0,0,n/a,0,715,,
1880,Dec,,KAR,69.2,80,59.4,0,0,58,0,746,,
1881,Jan,SIND,JAC,58.4,77.4,41,0,0,40,0,53,,
,,,,,,,,,,0,513,,
1881,Jan,,HYD,n/a,n/a,n/a,0,0,n/a,0,816,,
1881,Jan,,KAR,66,79.1,54.3,0,0,54,0,849,,
1881,Feb,,JAC,66.5,83.9,51.6,0.17,4,42,0,33,,
,,,,,,,,,,0,539,,
1881,Feb,,HYD,n/a,n/a,n/a,0,0,n/a,0,724,,
1881,Feb,,KAR,70.8,81.9,61.3,0.08,2,75,0,769,,
1881,Mar,,JAC,73.6,89.4,60,0.12,1,40,0,59,,
,,,,,,,,,,0,714,,
1881,Mar,,HYD,n/a,n/a,n/a,0.1,1,n/a,0,843,,
1881,Mar,,KAR,75.8,84.5,66.6,0.35,1,66,0,744,,
1881,Apr,,JAC,89.7,99.6,69.9,0.14,1,38,0,37,,
,,,,,,,,,,0,599,,
1881,Apr,,HYD,n/a,n/a,n/a,3.4,2,n/a,0,864,,
1881,Apr,,KAR,78.2,85.4,72.3,4.75,3,82,0,537,,
1881,May,,JAC,95.1,113.3,78.4,0,0,26,0,59,,
,,,,,,,,,,0,498,,
1881,May,,HYD,93.8,106.6,83.2,0,0,47,0,548,,
1881,May,,KAR,86.1,93.4,79.2,0,0,76,0,406,,
1881,Jun,,JAC,97.1,111.9,83.5,0,0,40,0,49,,
,,,,,,,,,,0,450,,
1881,Jun,,HYD,89.6,98.2,81.7,0,0,54,0,384,,
1881,Jun,,KAR,86.1,91.8,81.6,0.04,1,81,0,362,,
1881,Jul,,JAC,96.8,109.6,86.5,0.06,1,45,0,36,,
,,,,,,,,,,0,454,,
1881,Jul,,HYD,89.7,98.1,82.6,0.6,3,59,0,333,,
1881,Jul,,KAR,85.1,90.5,81.1,1.71,10,80,0,309,,
1881,Aug,,JAC,91.5,104.5,82.5,0.23,3,56,0,41,,
,,,,,,,,,,0,420,,
1881,Aug,,HYD,n/a,n/a,n/a,6.61,10,n/a,0,355,,
1881,Aug,,KAR,82.9,87.5,78.6,2.04,6,78,0,288,,
1881,Sep,,JAC,89.1,104.3,76.4,0,0,52,0,51,,
,,,,,,,,,,0,518,,
1881,Sep,,HYD,n/a,n/a,n/a,3.72,2,n/a,0,480,,
1881,Sep,,KAR,81.7,87.6,77.3,1.05,1,79,0,414,,
1881,Oct,,JAC,81.2,99.4,66.8,0,0,48,0,84,,
,,,,,,,,,,0,812,,
1881,Oct,,HYD,n/a,n/a,n/a,0,0,n/a,0,766,,
1881,Oct,,KAR,79.9,87.6,74.9,0,0,81,0,582,,
1881,Nov,,JAC,65.7,87.4,48.7,0,0,41,0,88,,
,,,,,,,,,,0,1134,,
1881,Nov,,HYD,n/a,n/a,n/a,0,0,n/a,0,1377,,
1881,Nov,,KAR,73.4,88,61.1,0,0,60,0,838,,
1881,Dec,,JAC,59.2,78.4,43.1,0,0,42,0,77,,
,,,,,,,,,,0,966,,
1881,Dec,,HYD,n/a,n/a,n/a,0,0,n/a,0,1447,,
1881,Dec,,KAR,n/a,n/a,n/a,n/a,n/a,n/a,0,1014,,
1882,Jan,SIND,JAC,n/a,n/a,n/a,0.06,1,n/a,0,56,,
,,,,,,,,,,0,675,,
1882,Jan,,HYD,65.4,78.8,53.8,0.34,2,52,0,1145,,
1882,Jan,,KAR,66.5,77.5,58.9,1.04,3,62,0,903,,
1882,Feb,,JAC,59.6,76.6,44.4,0,0,32,0,56,,
,,,,,,,,,,0,593,,
1882,Feb,,HYD,66.6,80.7,53.6,0,0,37,0,1137,,
1882,Feb,,KAR,68.1,78.6,57.4,0,0,66,0,749,,
1882,Mar,,JAC,n/a,n/a,n/a,0,0,n/a,0,72,,
,,,,,,,,,,0,779,,
1882,Mar,,HYD,77.3,92.9,63.5,0,0,31,0,1619,,
1882,Mar,,KAR,75.7,86.4,64.4,0,0,66,0,941,,
1882,Apr,,JAC,n/a,n/a,n/a,0,0,n/a,0,73,,
,,,,,,,,,,0,772,,
1882,Apr,,HYD,85,101.4,70.6,0,0,32,0,1041,,
1882,Apr,,KAR,80.2,90.3,71.3,0,0,69,0,679,,
1882,May,,JAC,91.5,112.2,76.9,0,0,32,0,47,,
,,,,,,,,,,0,786,,
1882,May,,HYD,89.3,106.2,76.7,0.23,1,47,0,702,,
1882,May,,KAR,83.5,89.9,77.8,0,0,83,0,430,,
1882,Jun,,JAC,95.6,113.8,82.3,0,0,44,0,41,,
,,,,,,,,,,0,635,,
1882,Jun,,HYD,90.6,103.5,81,0,0,51,0,477,,
1882,Jun,,KAR,86.1,92.3,81.6,0,0,81,0,377,,
1882,Jul,,JAC,91.7,104.7,82.4,0.73,5,57,0,40,,
,,,,,,,,,,0,426,,
1882,Jul,,HYD,86,96.7,79.2,12.15,8,64,0,282,,
1882,Jul,,KAR,82.8,87.8,79.2,8.38,8,82,0,299,,
1882,Aug,,JAC,89.6,100.8,82.3,1.38,5,63,0,70,,
,,,,,,,,,,0,502,,
1882,Aug,,HYD,84.1,93.3,77.6,1.84,3,66,0,363,,
1882,Aug,,KAR,80.9,86.2,77.4,0.92,4,81,0,317,,
1882,Sep,,JAC,86.9,100.3,75.6,0,0,59,0,97,,
,,,,,,,,,,0,1286,,
1882,Sep,,HYD,84.5,96.2,75.5,0,0,61,0,479,,
1882,Sep,,KAR,81.7,87.7,76.6,0,0,79,0,390,,
1882,Oct,,JAC,77.3,97.5,61.1,0,0,46,0,246,,
,,,,,,,,,,0,3495,,
1882,Oct,,HYD,81.6,97.9,69.4,0,0,44,0,769,,
1882,Oct,,KAR,78.8,89.3,70.5,0,0,73,0,445,,
1882,Nov,,JAC,63.5,84.3,47.3,0,0,42,0,171,,
,,,,,,,,,,0,4242,,
1882,Nov,,HYD,71.1,86,57.3,0,0,36,0,865,,
1882,Nov,,KAR,71.5,86.1,58.7,0,0,62,0,681,,
1882,Dec,,JAC,60.9,76.8,46,0,0,46,0,141,,
,,,,,,,,,,0,2581,,
1882,Dec,,HYD,66.4,80.6,54.1,0,0,47,0,1015,,
1882,Dec,,KAR,69.3,81.3,57.6,0.2,1,69,0,687,,
1883,Jan,SIND,JAC,57.7,72,43.6,0.63,2,44,0,105,,
,,,,,,,,,,0,2032,,
1883,Jan,,HYD,62.4,75.5,50.7,0.92,1,45,0,1022,,
1883,Jan,,KAR,65.8,77.2,55.2,0.33,1,54,0,637,,
1883,Feb,,JAC,60.1,76,45.2,0,0,29,0,124,,
,,,,,,,,,,0,1730,,
1883,Feb,,HYD,65.1,79.1,53,0,0,32,0,1363,,
1883,Feb,,KAR,67.8,78.2,56.8,0,0,60,0,810,,
1883,Mar,,JAC,72.7,87.2,58.1,0.04,2,33,0,125,,
,,,,,,,,,,0,1546,,
1883,Mar,,HYD,75.9,90.1,63.3,0.2,1,37,0,1437,,
1883,Mar,,KAR,74.6,84.5,64.8,0.12,1,70,0,663,,
1883,Apr,,JAC,87.6,103.4,72.1,0.07,2,30,0,69,,
,,,,,,,,,,0,955,,
1883,Apr,,HYD,87.5,103.5,73.2,0,0,44,0,844,,
1883,Apr,,KAR,81,89.3,73.3,0,0,79,0,346,,
1883,May,,JAC,93.6,106.9,77.8,0,0,29,0,62,,
,,,,,,,,,,0,806,,
1883,May,,HYD,91.5,107.8,78.1,0,0,45,0,632,,
1883,May,,KAR,85.2,92.7,78.3,0,0,80,0,286,,
1883,Jun,,JAC,98,112.7,83.9,0,0,39,0,68,,
,,,,,,,,,,0,532,,
1883,Jun,,HYD,91.2,104,81.7,0.38,1,n/a,0,472,,
1883,Jun,,KAR,87.6,93.8,82.3,0.37,1,78,0,328,,
1883,Jul,,JAC,91.3,104.3,81.6,5.35,6,60,0,60,,
,,,,,,,,,,0,509,,
1883,Jul,,HYD,86.3,96.6,79.5,2.43,7,65,0,381,,
1883,Jul,,KAR,83.4,88.6,79.7,4.75,11,80,0,228,,
1883,Aug,,JAC,90.9,104.8,78.8,0,0,53,0,75,,
,,,,,,,,,,0,446,,
1883,Aug,,HYD,85.2,96.3,77.1,0,0,58,0,424,,
1883,Aug,,KAR,80.9,85.9,77.2,0,0,78,0,248,,
1883,Sep,,JAC,88.6,102.9,76.8,0,0,51,0,64,,
,,,,,,,,,,0,649,,
1883,Sep,,HYD,84.4,95.8,75.7,0.58,2,63,0,496,,
1883,Sep,,KAR,81.3,86.8,76.9,0.54,2,77,0,258,,
1883,Oct,,JAC,76.4,96.8,60.8,0,0,38,0,90,,
,,,,,,,,,,0,889,,
1883,Oct,,HYD,82.7,97.5,69.6,0,0,50,0,513,,
1883,Oct,,KAR,80.2,92.5,70.1,0,0,59,0,310,,
1883,Nov,,JAC,63.3,84,47.4,0,0,33,0,113,,
,,,,,,,,,,0,1340,,
1883,Nov,,HYD,69.2,84.6,55.9,0,0,52,0,697,,
1883,Nov,,KAR,70.3,85.3,58.7,0,0,47,0,460,,
1883,Dec,,JAC,57.1,75.2,41.9,0,0,49,0,76,,
,,,,,,,,,,0,1112,,
1883,Dec,,HYD,62.4,77.6,48.9,0,0,45,0,907,,
1883,Dec,,KAR,65.9,79.2,53,0,0,47,0,574,,
1884,Jan,SIND,JAC,58.8,75.9,43.5,0.02,1,49,0,82,,
,,,,,,,,,,0,1197,,
1884,Jan,,HYD,64.6,79,51.6,0,0,52,0,923,,
1884,Jan,,KAR,65.4,77.6,54.8,0.03,1,63,0,599,,
1884,Feb,,JAC,62.6,77.8,49.2,0.56,5,49,0,97,,
,,,,,,,,,,0,1097,,
1884,Feb,,HYD,67.3,81.5,55.2,0.3,3,61,0,989,,
1884,Feb,,KAR,68.9,79.5,58.9,0.45,3,68,0,643,,
1884,Mar,,JAC,73.5,90.3,58.7,0.16,1,38,0,96,,
,,,,,,,,,,0,802,,
1884,Mar,,HYD,78.2,92.5,64.6,0,0,53,0,890,,
1884,Mar,,KAR,75.6,84.6,66.1,0.18,2,73,0,488,,
1884,Apr,,JAC,83.5,100.6,68.4,0.04,1,26,0,85,,
,,,,,,,,,,0,579,,
1884,Apr,,HYD,84.3,99.7,70.7,0.05,1,48,0,755,,
1884,Apr,,KAR,79.6,88.2,71.7,0,0,74,0,391,,
1884,May,,JAC,92.6,111.3,75,0,0,27,0,78,,
,,,,,,,,,,0,669,,
1884,May,,HYD,91.9,108.1,77.5,0,0,43,0,588,,
1884,May,,KAR,84.7,91.6,78.3,0,0,78,0,426,,
1884,Jun,,JAC,96.8,111.9,83.4,0,0,41,0,88,,
,,,,,,,,,,0,685,,
1884,Jun,,HYD,90.3,103.3,80.6,0.02,1,49,0,456,,
1884,Jun,,KAR,86.5,93.1,81.4,0.49,2,75,0,366,,
1884,Jul,,JAC,93.4,105.7,83.4,4.27,4,58,0,84,,
,,,,,,,,,,0,571,,
1884,Jul,,HYD,88.4,99.4,80.8,1.2,6,61,0,358,,
1884,Jul,,KAR,84.7,90.1,80.9,3.5,9,81,0,303,,
1884,Aug,,JAC,88.4,99.2,80.3,4.04,2,63,0,94,,
,,,,,,,,,,0,535,,
1884,Aug,,HYD,86.1,95.7,78.6,3.67,5,63,0,365,,
1884,Aug,,KAR,83.2,89.2,79.4,0.33,1,77,0,293,,
1884,Sep,,JAC,88,100.1,78.6,0.79,2,60,0,114,,
,,,,,,,,,,0,894,,
1884,Sep,,HYD,86.1,96.8,77.7,3.33,3,65,0,457,,
1884,Sep,,KAR,83.2,89.6,78.4,2.29,6,77,0,358,,
1884,Oct,,JAC,76.8,95,63.7,0,0,49,36,341,,
,,,,,,,,,,529,2871,,
1884,Oct,,HYD,80.6,95.8,69.8,0,0,47,79,1093,,
1884,Oct,,KAR,79,89.6,71.1,0,0,69,88,594,,
1884,Nov,,JAC,64.6,83.6,50,0,0,47,71,872,,
,,,,,,,,,,126,3068,,
1884,Nov,,HYD,70.7,86.4,57,0,0,42,107,1563,,
1884,Nov,,KAR,71.7,85.7,60.4,0,0,56,301,703,,
1884,Dec,,JAC,58,75.9,42.5,0,0,47,0,222,,
,,,,,,,,,,4,1532,,
1884,Dec,,HYD,63.8,78.2,51.7,0,0,44,6,1462,,
1884,Dec,,KAR,67.9,80.3,55.7,0,0,49,128,767,,
1885,Jan,SIND,JAC,56,68.3,45.3,1.03,3,54,0,140,,
,,,,,,,,,,0,1254,,
1885,Jan,,HYD,61.5,73.3,51.3,0.27,2,51,0,1244,,
1885,Jan,,KAR,62.5,73.5,54.6,1.84,5,64,60,656,,
1885,Feb,,JAC,59.9,74.9,45.6,0,0,35,0,65,,
,,,,,,,,,,0,842,,
1885,Feb,,HYD,64.2,79.1,51,0,0,33,0,913,,
1885,Feb,,KAR,66.1,78,54.3,0,0,51,91,520,,
1885,Mar,,JAC,74.1,90.2,60.3,0.3,1,39,0,92,,
,,,,,,,,,,0,922,,
1885,Mar,,HYD,77,92.4,63.6,0,0,40,9,1124,,
1885,Mar,,KAR,75.1,85.3,65.6,0.34,2,65,297,522,,
1885,Apr,,JAC,77.8,92.4,65.1,0.82,2,41,0,80,,
,,,,,,,,,,0,738,,
1885,Apr,,HYD,79.9,95.6,68.9,0.04,1,43,71,787,,
1885,Apr,,KAR,76.8,85.3,69.9,0.63,2,66,264,555,,
1885,May,,JAC,85.2,100.6,72.1,1.03,5,38,7,71,,
,,,,,,,,,,2,773,,
1885,May,,HYD,85.5,102,75.6,0.53,3,42,76,773,,
1885,May,,KAR,83.3,91.3,77,0,0,73,283,514,,
1885,Jun,,JAC,95.3,110.4,82.9,0,0,39,165,111,,
,,,,,,,,,,1303,929,,
1885,Jun,,HYD,90.6,104,81.9,0.25,1,54,1096,658,,
1885,Jun,,KAR,88.4,96.4,82.6,0,0,66,1837,477,,
1885,Jul,,JAC,96.4,109.9,84.8,0,0,50,240,118,,
,,,,,,,,,,1910,918,,
1885,Jul,,HYD,88.6,101.2,80.4,0,0,59,1701,633,,
1885,Jul,,KAR,86.3,92.7,82.2,0.01,1,72,1591,483,,
1885,Aug,,JAC,92.5,106.5,82.6,0.51,4,53,200,61,,
,,,,,,,,,,168,481,,
1885,Aug,,HYD,85.9,98.3,79.1,3.29,5,65,67,471,,
1885,Aug,,KAR,83.2,89.4,79.7,2,6,76,63,278,,
1885,Sep,,JAC,87.2,102.7,75,0,0,52,0,67,,
,,,,,,,,,,13,611,,
1885,Sep,,HYD,84.9,97.9,77.9,0,0,59,0,531,,
1885,Sep,,KAR,81.8,88.8,77.2,0,0,74,63,338,,
1885,Oct,,JAC,78,98.6,63.3,0,0,37,0,86,,
,,,,,,,,,,10,1055,,
1885,Oct,,HYD,83.6,98.8,72.7,0,0,41,0,817,,
1885,Oct,,KAR,79.5,91.9,70.6,0,0,66,0,476,,
1885,Nov,,JAC,67.6,89.3,52.3,0,0,44,0,120,,
,,,,,,,,,,4,1142,,
1885,Nov,,HYD,77,90.5,67.3,0,0,40,0,1231,,
1885,Nov,,KAR,74.3,88.8,63.9,0,0,63,0,631,,
1885,Dec,,JAC,59.5,77,44.2,0.05,1,44,0,115,,
,,,,,,,,,,0,1080,,
1885,Dec,,HYD,65.8,77.7,58.4,0,0,42,0,1401,,
1885,Dec,,KAR,68.1,80.3,56.9,0,0,52,0,726,,
1886,Jan,SIND,JAC,57.4,71.7,45.2,0.38,5,51,0,109,,
,,,,,,,,,,0,1186,,
1886,Jan,,HYD,61.6,n/a,52.3,0,0,48,0,1588,,
1886,Jan,,KAR,64.9,76.1,55.7,0.03,1,47,0,784,,
1886,Feb,,JAC,58.8,74.8,44.5,0.05,1,32,0,105,,
,,,,,,,,,,0,1106,,
1886,Feb,,HYD,64.9,79.2,52.3,0,0,39,0,1721,,
1886,Feb,,KAR,67.4,79.5,55.3,0.02,1,36,0,705,,
1886,Mar,,JAC,71.9,87.5,58.3,0.31,3,41,0,122,,
,,,,,,,,,,0,1268,,
1886,Mar,,HYD,76.1,90.3,64.3,0.78,1,45,0,1611,,
1886,Mar,,KAR,74.9,84.8,65.5,0.21,2,63,0,635,,
1886,Apr,,JAC,85.1,104.1,67.6,0,0,26,0,130,,
,,,,,,,,,,0,1250,,
1886,Apr,,HYD,86.4,104,71.5,0,0,42,0,1251,,
1886,Apr,,KAR,79.8,89.9,71.6,0,0,67,0,580,,
1886,May,,JAC,95.3,113,79.9,0,0,27,0,120,,
,,,,,,,,,,0,1267,,
1886,May,,HYD,93.6,110.2,81,0,0,47,0,937,,
1886,May,,KAR,87.3,96.7,80.1,0,0,71,0,516,,
1886,Jun,,JAC,97.9,112.5,84.8,0,0,42,0,117,,
,,,,,,,,,,0,1080,,
1886,Jun,,HYD,91.7,104.2,81.7,0,0,52,0,664,,
1886,Jun,,KAR,88,95.1,83.3,0,0,72,0,424,,
1886,Jul,,JAC,93.8,106.6,84.5,1.65,4,54,0,108,,
,,,,,,,,,,0,970,,
1886,Jul,,HYD,87.7,98.7,80.5,5.27,6,62,0,605,,
1886,Jul,,KAR,84.5,90.1,80.9,8.79,12,80,0,360,,
1886,Aug,,JAC,92.2,105.1,81.3,0,0,53,0,96,,
,,,,,,,,,,0,822,,
1886,Aug,,HYD,84.9,94.9,78.2,1.04,4,63,0,641,,
1886,Aug,,KAR,81.5,86.9,78.3,0.06,3,77,0,470,,
1886,Sep,,JAC,88.7,104.4,75.7,0,0,55,0,105,,
,,,,,,,,,,0,1013,,
1886,Sep,,HYD,83.9,96.2,75.7,0,0,61,0,724,,
1886,Sep,,KAR,80.7,86.8,76.4,0.08,2,76,0,433,,
1886,Oct,,JAC,78.7,99.9,63.5,0,0,43,0,134,,
,,,,,,,,,,0,1037,,
1886,Oct,,HYD,84.7,99.3,72.8,0,0,35,0,893,,
1886,Oct,,KAR,82.3,95.4,72.3,0.05,1,51,0,500,,
1886,Nov,,JAC,67.6,87.5,52.7,0.02,1,53,0,131,,
,,,,,,,,,,0,1241,,
1886,Nov,,HYD,73.5,87.4,62.3,0.65,2,46,0,1214,,
1886,Nov,,KAR,74.2,88.2,64.2,0.25,1,55,0,620,,
1886,Dec,,JAC,59.6,77.9,43.8,0,0,46,0,117,,
,,,,,,,,,,0,1128,,
1886,Dec,,HYD,64.2,78.3,52.4,0,0,39,0,1412,,
1886,Dec,,KAR,67.1,80.2,54.8,0,0,50,0,694,,
1887,Jan,SIND,JAC,55.2,70.2,41.9,0.52,2,52,0,114,,
,,,,,,,,,,0,1140,,
1887,Jan,,HYD,60.5,72.9,50.7,1.11,2,45,0,1320,,
1887,Jan,,KAR,63.3,74,54.9,1.08,3,61,0,729,,
1887,Feb,,JAC,63.3,80.8,47.1,0.07,2,n/a,0,119,,
,,,,,,,,,,0,1012,,
1887,Feb,,HYD,68.1,83.5,55.3,0,0,34,0,1046,,
1887,Feb,,KAR,69,80.1,58.3,0,0,55,0,527,,
1887,Mar,,JAC,74.8,94.8,57.2,0,0,30,0,107,,
,,,,,,,,,,0,1027,,
1887,Mar,,HYD,78,94.7,63.8,0,0,33,0,928,,
1887,Mar,,KAR,76,87.6,65.3,0,0,61,0,578,,
1887,Apr,,JAC,86,104.2,70,0,0,29,0,124,,
,,,,,,,,,,0,1160,,
1887,Apr,,HYD,85.3,102.6,71.7,0,0,40,0,970,,
1887,Apr,,KAR,80.4,89.9,72.8,0,0,73,0,495,,
1887,May,,JAC,96.1,116,78.2,0,0,22,0,109,,
,,,,,,,,,,0,1060,,
1887,May,,HYD,90.7,108.1,78.8,0,0,44,0,771,,
1887,May,,KAR,84.3,91.8,78.9,0,0,76,0,456,,
1887,Jun,,JAC,97.5,111.9,84.5,0,0,38,0,104,,
,,,,,,,,,,0,919,,
1887,Jun,,HYD,91.6,103.5,83.9,0,0,46,0,608,,
1887,Jun,,KAR,86.8,94.2,82,0.03,2,72,0,434,,
1887,Jul,,JAC,96.7,109.2,86,0,0,47,0,123,,
,,,,,,,,,,0,788,,
1887,Jul,,HYD,87.2,98.4,80.4,0.77,1,60,0,520,,
1887,Jul,,KAR,83.3,89.1,80.1,1.66,16,80,0,372,,
1887,Aug,,JAC,91.8,104.3,81.7,0.66,2,55,0,95,,
,,,,,,,,,,104,822,,
1887,Aug,,HYD,84.6,95.7,78.1,1.72,3,60,0,523,,
1887,Aug,,KAR,80.8,86.7,77.5,0.56,4,78,0,417,,
1887,Sep,,JAC,88.2,104.6,73.9,0,0,44,0,101,,
,,,,,,,,,,61,1162,,
1887,Sep,,HYD,84.3,98.2,74.9,0,0,54,0,680,,
1887,Sep,,KAR,80.1,86.9,75.5,0,0,75,0,441,,
1887,Oct,,JAC,79.5,99.1,63,0,0,36,0,115,,
,,,,,,,,,,36,1291,,
1887,Oct,,HYD,82.6,98.3,70.4,0,0,37,0,954,,
1887,Oct,,KAR,78.6,91.3,69.6,0,0,62,0,538,,
1887,Nov,,JAC,66.5,88.1,49.4,0,0,39,0,139,,
,,,,,,,,,,0,1335,,
1887,Nov,,HYD,73.8,89.5,60.1,0,0,30,0,1344,,
1887,Nov,,KAR,74.3,90.5,61.8,0,0,41,0,644,,
1887,Dec,,JAC,59.1,77.5,44,0,0,42,0,108,,
,,,,,,,,,,0,1310,,
1887,Dec,,HYD,66.6,n/a,53.9,0,0,42,0,1313,,
1887,Dec,,KAR,68.2,80.4,56.2,0,0,48,0,740,,
1888,Jan,SIND,JAC,54.7,71.4,41.1,0.18,2,44,0,110,,
,,,,,,,,,,0,1070,,
1888,Jan,,HYD,61.1,74.1,50.5,1.93,4,44,0,1274,,
1888,Jan,,KAR,62.4,74.1,53.4,2.81,5,56,0,765,,
1888,Feb,,JAC,62,74.9,50.9,1.18,4,56,0,103,,
,,,,,,,,,,0,942,,
1888,Feb,,HYD,66,78.1,55.6,1.68,4,52,0,1138,,
1888,Feb,,KAR,67.7,77,59.8,0.86,3,66,0,578,,
1888,Mar,,JAC,77.7,94.4,63.6,0.3,2,34,0,97,,
,,,,,,,,,,0,865,,
1888,Mar,,HYD,79.2,95.6,66.6,0.17,1,43,0,1087,,
1888,Mar,,KAR,77.4,86.2,69.2,0,0,69,0,608,,
1888,Apr,,JAC,87.9,104.9,72.7,0,0,26,0,99,,
,,,,,,,,,,0,890,,
1888,Apr,,HYD,84.9,101.3,73.4,0,0,43,0,920,,
1888,Apr,,KAR,81.3,89.4,74.4,0,0,71,0,530,,
1888,May,,JAC,93.1,112.5,75.8,0,0,18,0,77,,
,,,,,,,,,,0,858,,
1888,May,,HYD,89.2,107,77.1,0,0,40,0,800,,
1888,May,,KAR,84.2,92.9,76.7,0,0,66,0,652,,
1888,Jun,,JAC,97.6,113.5,83,0,0,35,0,66,,
,,,,,,,,,,0,840,,
1888,Jun,,HYD,89.2,n/a,81.3,0,0,56,0,659,,
1888,Jun,,KAR,86.6,93,82.4,0,0,75,0,535,,
1888,Jul,,JAC,95.8,109.3,84.3,0.57,1,49,0,95,,
,,,,,,,,,,0,827,,
1888,Jul,,HYD,87.3,109.2,80.7,2.88,2,61,0,635,,
1888,Jul,,KAR,84.2,90,80.5,0.18,3,78,0,479,,
1888,Aug,,JAC,93.6,107.2,82,0.15,1,52,0,69,,
,,,,,,,,,,0,746,,
1888,Aug,,HYD,86.3,104.9,80.2,2.65,3,63,4,652,,
1888,Aug,,KAR,81.7,87.4,78.4,0.98,2,79,0,415,,
1888,Sep,,JAC,88.3,104.4,73.8,0,0,49,0,117,,
,,,,,,,,,,0,1034,,
1888,Sep,,HYD,82.9,105.6,74.2,0,0,61,0,666,,
1888,Sep,,KAR,81,87.6,75.8,0,0,73,0,482,,
1888,Oct,,JAC,79.7,97.6,64,0,0,40,0,138,,
,,,,,,,,,,0,1493,,
1888,Oct,,HYD,81.6,106.2,70.2,0,0,50,1,1000,,
1888,Oct,,KAR,80.8,91.9,72.4,0,0,58,259,734,,
1888,Nov,,JAC,67.3,86.4,51.3,0,0,41,0,200,,
,,,,,,,,,,0,1308,,
1888,Nov,,HYD,72.1,84.8,60,0,0,40,2,1411,,
1888,Nov,,KAR,73.9,87.2,62.9,0.11,2,46,310,989,,
1888,Dec,,JAC,60.4,78.2,44.5,0,0,41,0,144,,
,,,,,,,,,,0,1616,,
1888,Dec,,HYD,65.9,80.2,53.9,0,0,44,0,1322,,
1888,Dec,,KAR,69.2,81.6,57.6,0,0,49,43,977,,
1889,Jan,SIND,JAC,56,72.8,42.6,0.41,2,40,0,142,,
,,,,,,,,,,0,1637,,
1889,Jan,,HYD,n/a,n/a,n/a,0,0,n/a,0,1321,,
1889,Jan,,KAR,65.6,77.3,55.6,1.52,2,39,0,1071,,
1889,Feb,,JAC,63.7,78.6,50.9,0.7,4,51,0,113,,
,,,,,,,,,,0,1006,,
1889,Feb,,HYD,n/a,n/a,n/a,0.22,2,n/a,0,1103,,
1889,Feb,,KAR,69.2,79.6,60,0.09,2,58,0,848,,
1889,Mar,,JAC,78.2,95.1,62.7,0.15,2,32,0,109,,
,,,,,,,,,,0,983,,
1889,Mar,,HYD,n/a,n/a,n/a,0.6,1,n/a,0,1117,,
1889,Mar,,KAR,76.3,87.9,66.7,0.27,1,60,0,768,,
1889,Apr,,JAC,87.3,103.1,72,1.21,3,31,0,135,,
,,,,,,,,,,0,1068,,
1889,Apr,,HYD,n/a,n/a,n/a,0.08,1,n/a,0,1135,,
1889,Apr,,KAR,80,89.3,74.4,0,0,73,0,814,,
1889,May,,JAC,95.1,110.3,80.3,0,0,24,0,108,,
,,,,,,,,,,0,1096,,
1889,May,,HYD,n/a,n/a,n/a,2.22,3,n/a,0,901,,
1889,May,,KAR,84.7,93.5,79.7,0,0,72,0,819,,
1889,Jun,,JAC,100,114.8,87,0,0,35,0,164,,
,,,,,,,,,,0,1176,,
1889,Jun,,HYD,n/a,n/a,n/a,0.03,1,n/a,0,905,,
1889,Jun,,KAR,87.2,93.8,82.8,0.52,3,72,0,658,,
1889,Jul,,JAC,95.9,108,85.4,1.06,1,50,0,101,,
,,,,,,,,,,0,838,,
1889,Jul,,HYD,n/a,n/a,n/a,0.77,2,n/a,0,741,,
1889,Jul,,KAR,85.7,92,81.9,1.26,7,75,0,507,,
1889,Aug,,JAC,91.8,103.6,82.8,2.85,5,59,0,151,,
,,,,,,,,,,44,898,,
1889,Aug,,HYD,n/a,n/a,n/a,2.04,5,n/a,0,722,,
1889,Aug,,KAR,83.2,89.6,79.3,1.19,5,78,0,566,,
1889,Sep,,JAC,88.9,103.3,75.7,0,0,49,4,186,,
,,,,,,,,,,257,1849,,
1889,Sep,,HYD,n/a,n/a,n/a,0,0,n/a,0,850,,
1889,Sep,,KAR,81.7,89.1,76.4,0,0,75,11,703,,
1889,Oct,,JAC,75.8,97.8,56.5,0,0,38,0,250,,
,,,,,,,,,,60,3174,,
1889,Oct,,HYD,n/a,n/a,n/a,0,0,n/a,134,1233,,
1889,Oct,,KAR,78.7,93.1,66.5,0,0,46,80,861,,
1889,Nov,,JAC,64.5,87.1,46,0,0,38,0,187,,
,,,,,,,,,,0,3007,,
1889,Nov,,HYD,n/a,n/a,n/a,0,0,n/a,61,1237,,
1889,Nov,,KAR,71.3,85.4,58.2,0,0,55,85,1052,,
1889,Dec,,JAC,59.4,79.2,43.4,0,0,40,0,178,,
,,,,,,,,,,0,2273,,
1889,Dec,,HYD,n/a,n/a,n/a,0,0,n/a,3,1146,,
1889,Dec,,KAR,68.1,81.7,55.3,0.03,1,53,371,928,,
1890,Jan,SIND,JAC,59.4,78.3,43.8,0,0,39,0,142,,
,,,,,,,,,,0,1627,,
1890,Jan,,HYD,n/a,n/a,n/a,0,0,n/a,9,1312,,
1890,Jan,,KAR,67.6,80.8,56.6,0,0,56,344,900,,
1890,Feb,,JAC,63.9,81.5,48.5,0,0,30,0,152,,
,,,,,,,,,,0,1425,,
1890,Feb,,HYD,n/a,n/a,n/a,0,0,n/a,0,1215,,
1890,Feb,,KAR,70.6,82.3,60.1,0,0,51,23,929,,
1890,Mar,,JAC,74.3,90.1,59.9,0.02,1,28,0,183,,
,,,,,,,,,,0,1324,,
1890,Mar,,HYD,n/a,n/a,n/a,0,0,n/a,0,1303,,
1890,Mar,,KAR,76.1,85.3,68.6,0.01,1,67,0,821,,
1890,Apr,,JAC,87.1,103.9,71.2,0.06,2,28,0,156,,
,,,,,,,,,,0,1569,,
1890,Apr,,HYD,n/a,n/a,n/a,0,0,n/a,0,1252,,
1890,Apr,,KAR,80,90.2,73.3,0,0,72,0,753,,
1890,May,,JAC,95.5,112.8,78.6,0,0,24,0,191,,
,,,,,,,,,,0,1630,,
1890,May,,HYD,n/a,n/a,n/a,0,0,n/a,0,1068,,
1890,May,,KAR,82.9,91.9,77.6,0,0,73,0,828,,
1890,Jun,,JAC,99.6,114,87.2,0,0,40,0,182,,
,,,,,,,,,,0,1264,,
1890,Jun,,HYD,n/a,n/a,n/a,1.72,1,n/a,0,704,,
1890,Jun,,KAR,87.8,95,82.9,0.05,2,72,0,571,,
1890,Jul,,JAC,94.1,107.4,83.1,1.59,1,n/a,0,162,,
,,,,,,,,,,0,992,,
1890,Jul,,HYD,n/a,n/a,n/a,2.43,2,n/a,0,619,,
1890,Jul,,KAR,84.3,90.5,80.7,2.9,5,76,0,438,,
1890,Aug,,JAC,89.2,101.3,79.7,0.49,4,n/a,0,96,,
,,,,,,,,,,0,800,,
1890,Aug,,HYD,n/a,n/a,n/a,4.85,8,n/a,0,682,,
1890,Aug,,KAR,80.1,85.2,77,4.09,6,82,0,399,,
1890,Sep,,JAC,88.6,105.2,73.8,0,0,n/a,0,177,,
,,,,,,,,,,0,1452,,
1890,Sep,,HYD,n/a,n/a,n/a,0,0,n/a,0,804,,
1890,Sep,,KAR,80.7,87.6,75.8,0,0,74,0,570,,
1890,Oct,,JAC,79.2,99,62.1,0,0,38,0,281,,
,,,,,,,,,,0,3007,,
1890,Oct,,HYD,n/a,n/a,n/a,0,0,n/a,0,1142,,
1890,Oct,,KAR,79.3,89.3,71.4,0,0,68,0,826,,
1890,Nov,,JAC,65.4,83.1,51.9,2.5,4,46,0,222,,
,,,,,,,,,,0,2729,,
1890,Nov,,HYD,n/a,n/a,n/a,1.9,2,n/a,0,1272,,
1890,Nov,,KAR,75.3,87.6,63.5,4.66,4,48,0,1073,,
1890,Dec,,JAC,56.7,68.6,48.6,1.17,5,72,0,191,,
,,,,,,,,,,0,1975,,
1890,Dec,,HYD,n/a,n/a,n/a,0.65,2,n/a,0,1109,,
1890,Dec,,KAR,64.5,73.5,57.1,1.41,6,70,0,1077,,
1891,Jan,SIND,JAC,51,68.9,46.1,0.4,2,78,0,210,,
1891,,,,,,,,,,0,1490,,
1891,Jan,,HYD,55.5,71.9,51.2,0.9,2,70,0,1083,,
1891,Jan,,KAR,58.5,73.9,56.1,1.03,3,73,0,922,,
1891,Feb,,JAC,53.8,72,47.4,0.64,2,55,0,152,,
1891,,,,,,,,,,0,1328,,
1891,Feb,,HYD,57.9,76.9,50.9,0,0,54,0,963,,
1891,Feb,,KAR,60.7,77.2,57,0,0,62,0,916,,
1891,Mar,,JAC,64.5,82.5,55.9,0.18,3,52,0,160,,
1891,,,,,,,,,,0,1176,,
1891,Mar,,HYD,67.7,87.2,61.2,0.25,2,51,0,805,,
1891,Mar,,KAR,68,83.5,63.9,1.18,3,75,0,697,,
1891,Apr,,JAC,80.8,101.5,70.7,0.27,1,53,0,144,,
1891,,,,,,,,,,0,1089,,
1891,Apr,,HYD,79.6,101.3,72.5,0,0,49,0,1075,,
1891,Apr,,KAR,77.8,91,73.3,0,0,86,0,756,,
1891,May,,JAC,87.3,107.9,77.2,0.11,1,44,0,169,,
1891,,,,,,,,,,0,1205,,
1891,May,,HYD,85.5,106.3,78,0.53,1,52,0,852,,
1891,May,,KAR,83.5,93.1,78,0,0,81,0,726,,
1891,Jun,,JAC,90.7,115.6,80.7,0.05,1,45,0,207,,
1891,,,,,,,,,,0,1430,,
1891,Jun,,HYD,86.1,106,80.2,0,0,61,0,724,,
1891,Jun,,KAR,84.6,92.1,80.6,0.01,1,79,0,582,,
1891,Jul,,JAC,89.4,110.9,84.1,0.35,1,58,0,235,,
1891,,,,,,,,,,6,1702,,
1891,Jul,,HYD,85.3,102.5,80.4,0.51,1,63,0,688,,
1891,Jul,,KAR,83.7,91,80.3,0,0,78,0,482,,
1891,Aug,,JAC,85.9,106.5,81.7,0.02,1,65,0,149,,
1891,,,,,,,,,,0,1034,,
1891,Aug,,HYD,81.6,97.8,77.6,0,0,66,0,589,,
1891,Aug,,KAR,80.7,87.6,78,0,0,79,0,394,,
1891,Sep,,JAC,84.4,106.5,77.8,0.04,1,64,0,162,,
1891,,,,,,,,,,0,1272,,
1891,Sep,,HYD,81.9,99.4,76.9,0.1,1,66,0,624,,
1891,Sep,,KAR,80.9,89.5,77.7,0.2,1,81,0,522,,
1891,Oct,,JAC,74.7,99.2,65.5,0,0,50,0,218,,
1891,,,,,,,,,,0,1687,,
1891,Oct,,HYD,77.6,98.9,71.4,0,0,53,0,828,,
1891,Oct,,KAR,77.7,91.3,72.4,0,0,77,0,689,,
1891,Nov,,JAC,63.7,90.5,54.4,0,0,54,0,311,,
1891,,,,,,,,,,0,2405,,
1891,Nov,,HYD,68.9,92.7,62.5,0,0,50,0,1562,,
1891,Nov,,KAR,68.9,90,64.2,0,0,66,0,1134,,
1891,Dec,,JAC,48.9,78.7,43.1,0,0,59,0,343,,
1891,,,,,,,,,,0,2639,,
1891,Dec,,HYD,57.5,80.2,52.9,0,0,48,0,3617,,
1891,Dec,,KAR,61.5,82.6,56.8,0,0,55,0,1812,,
1892,Jan,SIND,JAC,49.4,74.7,44,0.08,1,63,0,532,,
1892,,,,,,,,,,0,4043,,
1892,Jan,,HYD,56,76.5,51.8,0.12,1,51,0,3668,,
1892,Jan,,KAR,58.7,78.1,55.8,0.31,1,66,0,3231,,
1892,Feb,,JAC,57.2,81.5,50.1,0.02,1,47,0,33,,
1892,,,,,,,,,,0,2366,,
1892,Feb,,HYD,62.3,84.8,56.6,0,0,49,0,1821,,
1892,Feb,,KAR,63.8,81.7,60.1,0,0,75,0,1471,,
1892,Mar,,JAC,73.3,98.4,61.4,0,0,29,0,229,,
1892,,,,,,,,,,0,1010,,
1892,Mar,,HYD,72.9,98.9,66.3,0,0,40,0,1468,,
1892,Mar,,KAR,71.9,89.7,66.9,0.07,1,73,0,1126,,
1892,Apr,,JAC,88.6,110,72.7,0,0,25,0,210,,
1892,,,,,,,,,,80,1611,,
1892,Apr,,HYD,84.4,107.5,76.2,0,0,44,0,1160,,
1892,Apr,,KAR,81.6,92.9,75.9,0,0,78,0,795,,
1892,May,,JAC,93.2,114.1,79.5,0.21,1,31,132,203,,
1892,,,,,,,,,,671,1523,,
1892,May,,HYD,85.1,106.6,79.1,0,0,59,1,802,,
1892,May,,KAR,84.8,93,80.3,0,0,75,3,725,,
1892,Jun,,JAC,92.2,111.8,83.3,0.27,2,47,440,250,,
1892,,,,,,,,,,641,1644,,
1892,Jun,,HYD,86.7,103.7,80.8,0.78,1,63,1382,861,,
1892,Jun,,KAR,87,93.9,83,0,0,74,1352,578,,
1892,Jul,,JAC,90.2,106.6,83.5,2.5,5,63,87,243,,
1892,,,,,,,,,,1415,1963,,
1892,Jul,,HYD,85.5,99.2,81.5,6.89,8,71,2891,1177,,
1892,Jul,,KAR,84.8,91.4,81.5,10.94,8,83,2523,870,,
1892,Aug,,JAC,86.8,101.9,82,1.34,2,72,20,413,,
1892,,,,,,,,,,377,2435,,
1892,Aug,,HYD,82.4,93.9,79.4,2.88,3,74,1302,1564,,
1892,Aug,,KAR,82.9,89.9,80.6,0.57,2,85,1959,1000,,
1892,Sep,,JAC,84.9,105.8,76.6,0,0,64,3,892,,
1892,,,,,,,,,,98,4556,,
1892,Sep,,HYD,81.6,99.2,77.1,0,0,69,169,2287,,
1892,Sep,,KAR,81.5,91,77.6,0.07,1,79,443,1337,,
1892,Oct,,JAC,74.6,99.1,61.5,0,0,50,0,892,,
1892,,,,,,,,,,10,4556,,
1892,Oct,,HYD,76.6,96.6,70.7,0,0,57,17,2287,,
1892,Oct,,KAR,77.7,93.1,71.6,0,0,73,175,1337,,
1892,Nov,,JAC,60.2,86.8,48.3,0,0,46,34,794,,
1892,,,,,,,,,,5,4777,,
1892,Nov,,HYD,65.9,88,59,0,0,45,0,2475,,
1892,Nov,,KAR,67.3,86.3,59.8,0,0,60,12,1756,,
1892,Dec,,JAC,49.3,75.3,42.5,0.21,1,56,0,451,,
1892,,,,,,,,,,0,2982,,
1892,Dec,,HYD,55.6,76.3,52.4,0,0,55,0,1911,,
1892,Dec,,KAR,60.6,78.8,55.3,0,0,57,33,1326,,
1893,Jan,SIND,JAC,50.4,70.7,44.4,0.3,1,73,0,287,,
1893,,,,,,,,,,0,2231,,
1893,Jan,,HYD,54.2,75.2,50.7,0.27,1,69,0,1489,,
1893,Jan,,KAR,58.1,74.6,55.7,1.27,3,76,0,1013,,
1893,Feb,,JAC,51.3,67.4,44.8,1.54,5,70,0,220,,
1893,,,,,,,,,,0,1484,,
1893,Feb,,HYD,54.2,71.6,50.7,0.97,4,74,0,1180,,
1893,Feb,,KAR,56.8,71.3,53.9,2.94,8,81,0,856,,
1893,Mar,,JAC,69.1,89,59.2,0,0,38,0,191,,
1893,,,,,,,,,,0,1119,,
1893,Mar,,HYD,69.1,89.8,62.8,0,0,46,0,1159,,
1893,Mar,,KAR,69.7,84.5,64.6,0,0,76,0,711,,
1893,Apr,,JAC,82.7,104.5,70,0.39,1,41,0,175,,
1893,,,,,,,,,,0,1174,,
1893,Apr,,HYD,81.3,104,73.1,0.48,1,51,0,980,,
1893,Apr,,KAR,78.8,91.4,73.4,0.05,1,82,0,587,,
1893,May,,JAC,89.2,109.5,79.6,0.07,1,50,0,145,,
1893,,,,,,,,,,0,983,,
1893,May,,HYD,85.4,103.5,79.4,0,0,61,0,829,,
1893,May,,KAR,85.2,92.9,79.8,0,0,77,1,615,,
1893,Jun,,JAC,92.2,111,84.7,1.33,2,53,0,159,,
1893,,,,,,,,,,0,1031,,
1893,Jun,,HYD,86.3,103.4,80.6,1.18,3,65,0,675,,
1893,Jun,,KAR,85.7,93.1,80.2,6.5,2,80,0,476,,
1893,Jul,,JAC,88.2,105.7,83.2,0.13,1,70,0,115,,
1893,,,,,,,,,,0,837,,
1893,Jul,,HYD,83.7,96.5,79.7,0.86,2,70,0,680,,
1893,Jul,,KAR,82.6,88.6,79,0.76,3,88,0,407,,
1893,Aug,,JAC,86.8,106.6,80.7,0.07,1,68,0,129,,
1893,,,,,,,,,,0,799,,
1893,Aug,,HYD,82.4,96.6,78.7,0,0,68,0,634,,
1893,Aug,,KAR,81.6,88.9,78.4,0,0,85,0,445,,
1893,Sep,,JAC,83.4,103.4,76.7,0,0,67,0,194,,
1893,,,,,,,,,,0,992,,
1893,Sep,,HYD,80.8,97.5,76.6,0,0,68,0,693,,
1893,Sep,,KAR,79.8,87.7,76.4,0,0,82,0,449,,
1893,Oct,,JAC,74.2,99.1,62,0,0,53,0,301,,
1893,,,,,,,,,,0,1788,,
1893,Oct,,HYD,76.8,95.9,70.7,0,0,61,0,1672,,
1893,Oct,,KAR,76.2,90.7,70.1,0,0,79,0,647,,
1893,Nov,,JAC,60.6,86.6,49.2,0,0,54,0,331,,
1893,,,,,,,,,,0,2156,,
1893,Nov,,HYD,64.6,85.5,58.6,0.01,1,51,0,1541,,
1893,Nov,,KAR,68.9,86.3,61.3,0,0,56,0,900,,
1893,Dec,,JAC,52.8,79,45.9,0,0,62,0,319,,
1893,,,,,,,,,,0,2162,,
1893,Dec,,HYD,58.7,81.4,55,0.36,1,59,0,1705,,
1893,Dec,,KAR,63,81.4,57.4,0.67,1,61,0,1101,,
1894,Jan,SIND,JAC,47.9,68.1,44.5,1.2,5,71,0,303,,
1894,,,,,,,,,,0,2067,,
1894,Jan,,HYD,52.9,70.9,50.4,0.34,1,71,0,1565,,
1894,Jan,,KAR,57.8,72.3,53.8,2.81,4,82,0,1294,,
1894,Feb,,JAC,56.2,75,51.3,0.05,1,68,0,192,,
1894,,,,,,,,,,0,1342,,
1894,Feb,,HYD,59.1,78.3,55.5,0.54,1,64,0,1416,,
1894,Feb,,KAR,61.5,77.5,55.2,0.93,2,85,0,1102,,
1894,Mar,,JAC,70,89.5,59.6,0,0,39,0,180,,
1894,,,,,,,,,,0,1172,,
1894,Mar,,HYD,71.1,92.1,64.7,0.04,1,48,0,1106,,
1894,Mar,,KAR,69.9,87.3,65.4,0.02,1,80,0,759,,
1894,Apr,,JAC,82.6,104.4,69,0,0,35,0,179,,
1894,,,,,,,,,,0,1012,,
1894,Apr,,HYD,81.6,102.8,73.3,0.05,1,48,0,862,,
1894,Apr,,KAR,79.2,92.4,73.7,0,0,76,0,661,,
1894,May,,JAC,91,114.3,78,0,0,41,0,167,,
1894,,,,,,,,,,0,1047,,
1894,May,,HYD,85,105.5,78,0,0,60,0,777,,
1894,May,,KAR,83.6,92.4,78.4,0,0,81,0,615,,
1894,Jun,,JAC,91.7,113.3,85.2,0,0,55,0,187,,
1894,,,,,,,,,,0,1017,,
1894,Jun,,HYD,87.4,104.4,82,0.62,2,64,0,549,,
1894,Jun,,KAR,87.3,94.5,82.4,0,0,81,0,509,,
1894,Jul,,JAC,89.7,105,84.7,0.22,1,65,0,148,,
1894,,,,,,,,,,0,765,,
1894,Jul,,HYD,83,94.8,79.2,8.9,11,75,0,510,,
1894,Jul,,KAR,81.3,87.5,77.9,18.63,9,87,0,387,,
1894,Aug,,JAC,85.2,103.9,81.4,0.05,1,71,0,165,,
1894,,,,,,,,,,0,844,,
1894,Aug,,HYD,81.4,94.2,78.4,0.05,1,72,0,689,,
1894,Aug,,KAR,81.2,87.2,78.4,0,0,80,0,502,,
1894,Sep,,JAC,84.2,104,76.6,0,0,69,0,315,,
1894,,,,,,,,,,0,1337,,
1894,Sep,,HYD,80.3,96,75.7,0.29,1,72,0,834,,
1894,Sep,,KAR,80.2,88.2,76.8,0,0,80,0,580,,
1894,Oct,,JAC,73.8,98.9,61.2,0,0,58,0,515,,
1894,,,,,,,,,,0,2234,,
1894,Oct,,HYD,76.6,95.7,69.8,0,0,57,0,1156,,
1894,Oct,,KAR,76.4,91.1,69,0,0,64,0,730,,
1894,Nov,,JAC,63.3,87.2,51.9,0,0,55,0,565,,
1894,,,,,,,,,,0,2840,,
1894,Nov,,HYD,n/a,n/a,n/a,n/a,n/a,n/a,0,1630,,
1894,Nov,,KAR,67.3,87,61.6,0,0,69,0,1086,,
1894,Dec,,JAC,50.5,73.6,43.8,0.07,1,60,0,403,,
1894,,,,,,,,,,0,2170,,
1894,Dec,,HYD,n/a,n/a,n/a,n/a,n/a,n/a,0,1561,,
1894,Dec,,KAR,58.6,77.2,54.5,0.32,1,57,0,1022,,
1895,Jan,SIND,JAC,47.1,69.6,41.5,0.53,2,59,0,291,,
1895,,,,,,,,,,0,2219,,
1895,Jan,,HYD,n/a,n/a,n/a,n/a,n/a,n/a,0,1486,,
1895,Jan,,KAR,57.2,73.6,51.4,0.24,1,58,0,1132,,
1895,Feb,,JAC,58.6,84,49.2,0,0,47,0,264,,
1895,,,,,,,,,,0,1636,,
1895,Feb,,HYD,n/a,n/a,n/a,n/a,n/a,n/a,0,1187,,
1895,Feb,,KAR,61.1,81.3,57.7,0.32,1,69,0,830,,
1895,Mar,,JAC,71.4,91.2,60.5,,,,0,239,,
1895,,,,,,,,,,0,1427,,
1895,Mar,,HYD,n/a,n/a,n/a,n/a,n/a,n/a,0,1344,,
1895,Mar,,KAR,70.8,85.3,65.9,0.07,1,76,0,733,,
1895,Apr,,JAC,85.9,106,72.6,0.04,1,52,0,239,,
1895,,,,,,,,,,0,1316,,
1895,Apr,,HYD,82.4,104.2,72.4,0,0,50,0,1001,,
1895,Apr,,KAR,78.7,89.5,72.7,0,0,80,0,692,,
1895,May,,JAC,94.6,117.3,81.1,0,0,57,0,212,,
1895,,,,,,,,,,0,1218,,
1895,May,,HYD,86.7,108.3,78,0,0,54,0,823,,
1895,May,,KAR,83.5,91.6,78,0,0,78,0,589,,
1895,Jun,,JAC,93.9,112,87.6,0.11,1,66,0,162,,
1895,,,,,,,,,,0,1264,,
1895,Jun,,HYD,88.7,104.7,82.5,0.38,2,64,0,709,,
1895,Jun,,KAR,86.8,94.6,82.7,0.75,3,77,0,588,,
1895,Jul,,JAC,91.1,109.7,85.1,0,0,68,0,166,,
1895,,,,,,,,,,0,956,,
1895,Jul,,HYD,87.5,101,81.8,0.09,1,61,0,651,,
1895,Jul,,KAR,86,93.7,82,0.13,1,76,0,549,,
1895,Aug,,JAC,86.5,102.6,82.2,1.92,3,73,0,149,,
1895,,,,,,,,,,0,974,,
1895,Aug,,HYD,83.1,95.7,78.6,5.12,3,69,0,624,,
1895,Aug,,KAR,82.2,88.4,78.8,3.21,3,84,0,499,,
1895,Sep,,JAC,82.7,103.6,74.2,0.25,1,67,0,203,,
1895,,,,,,,,,,0,1217,,
1895,Sep,,HYD,81.6,97.4,74.8,0,0,66,0,643,,
1895,Sep,,KAR,80.3,88.4,76.3,0,0,92,0,502,,
1895,Oct,,JAC,76.7,99.2,64,0,0,45,0,352,,
1895,,,,,,,,,,0,1575,,
1895,Oct,,HYD,80.7,99.4,69.5,0,0,43,0,880,,
1895,Oct,,KAR,77.8,93.2,70.8,0,0,70,0,647,,
1895,Nov,,JAC,65,87.8,55.7,0.02,1,53,0,353,,
1895,,,,,,,,,,0,1548,,
1895,Nov,,HYD,70.5,90.1,62.7,0,0,50,0,1102,,
1895,Nov,,KAR,72.2,87.3,65,0,0,64,0,828,,
1895,Dec,,JAC,54.1,77.5,46.5,0.03,1,65,0,461,,
1895,,,,,,,,,,0,1732,,
1895,Dec,,HYD,59.7,80.6,53.8,0,0,53,0,1353,,
1895,Dec,,KAR,63.1,82,57.2,0.13,1,56,0,1111,,
1896,Jan,SIND,JAC,50.7,76.6,46.4,0.15,1,67,0,692,,
1896,,,,,,,,,,0,2718,,
1896,Jan,,HYD,58.2,81,53.2,0,0,61,0,2259,,
1896,Jan,,KAR,62.7,81.9,57.7,0,0,61,0,1699,,
1896,Feb,,JAC,55.2,78.9,50.1,0.19,1,61,0,338,,
1896,,,,,,,,,,0,1767,,
1896,Feb,,HYD,62.4,83.8,56.6,0,0,52,0,2071,,
1896,Feb,,KAR,67.1,81.6,61.8,0.01,1,69,0,1241,,
1896,Mar,,JAC,70.1,91.5,62.4,0.61,3,54,0,274,,
1896,,,,,,,,,,0,1523,,
1896,Mar,,HYD,74.5,95.4,66.1,0,0,52,0,1552,,
1896,Mar,,KAR,75.3,87.2,68.2,0,0,79,0,987,,
1896,Apr,,JAC,88.4,104.4,71.6,0,0,31,0,283,,
1896,,,,,,,,,,0,1288,,
1896,Apr,,HYD,84.8,106,74.6,0,0,34,0,1105,,
1896,Apr,,KAR,82.4,93.2,74.7,0,0,72,0,928,,
1896,May,,JAC,92.3,115,80.8,0,0,38,0,266,,
1896,,,,,,,,,,0,1382,,
1896,May,,HYD,87.5,108.1,79,0,0,52,0,1006,,
1896,May,,KAR,85.5,92.8,79.9,0,0,78,0,812,,
1896,Jun,,JAC,95.9,114.8,88.6,0.05,1,48,0,320,,
1896,,,,,,,,,,0,1660,,
1896,Jun,,HYD,89.7,106.1,83.9,2.03,2,60,0,1040,,
1896,Jun,,KAR,87.7,94.6,83,7.3,2,78,0,760,,
1896,Jul,,JAC,90.1,109.2,85.6,1.56,2,64,0,288,,
1896,,,,,,,,,,0,1387,,
1896,Jul,,HYD,86.8,99.4,82.3,0.45,1,67,0,762,,
1896,Jul,,KAR,85.8,92.9,82.1,0.06,1,83,0,732,,
1896,Aug,,JAC,87.8,104.8,83.1,0.24,2,68,0,230,,
1896,,,,,,,,,,0,1310,,
1896,Aug,,HYD,83.7,96.1,79.7,0.6,2,70,0,688,,
1896,Aug,,KAR,82.5,88.8,79.2,4.51,3,87,0,552,,
1896,Sep,,JAC,82.4,103.1,77.2,0,0,67,0,239,,
1896,,,,,,,,,,0,1300,,
1896,Sep,,HYD,82.4,97.8,75.9,0,0,63,0,703,,
1896,Sep,,KAR,81.2,89.1,76.6,0,0,86,0,758,,
1896,Oct,,JAC,74.5,98.5,62.4,0,0,39,0,321,,
1896,,,,,,,,,,0,1629,,
1896,Oct,,HYD,79,99.2,69.6,0,0,50,0,852,,
1896,Oct,,KAR,78.2,93,70.9,0,0,77,0,918,,
1896,Nov,,JAC,62.8,86.7,56,0,0,54,0,323,,
1896,,,,,,,,,,0,1488,,
1896,Nov,,HYD,69.1,88.4,62.6,0,0,44,0,997,,
1896,Nov,,KAR,71.9,89.1,65.1,0,0,57,0,1084,,
1896,Dec,,JAC,46.1,77,39.9,0,0,58,0,290,,
1896,,,,,,,,,,0,1555,,
1896,Dec,,HYD,55.2,79.1,48,0,0,43,0,1118,,
1896,Dec,,KAR,57.9,81.6,52.4,0,0,49,0,1327,,
1897,Jan,SIND,JAC,46,72.9,42.5,0.03,1,59,0,265,,
1897,,,,,,,,,,0,1744,,
1897,Jan,,HYD,53.6,75.6,49.1,0,0,48,0,1190,,
1897,Jan,,KAR,58.1,76.1,52.8,0.1,1,58,0,2158,,
1897,Feb,,JAC,53.7,77.3,47.8,0.32,2,56,0,256,,
1897,,,,,,,,,,0,1383,,
1897,Feb,,HYD,59,81,52.9,0.03,1,56,0,1048,,
1897,Feb,,KAR,62.4,79.3,57,0.17,1,65,0,2021,,
1897,Mar,,JAC,67.1,89.3,58.1,0,0,32,0,203,,
1897,,,,,,,,,,0,1704,,
1897,Mar,,HYD,70.8,91.3,62.9,0,0,44,0,850,,
1897,Mar,,KAR,72.2,84.5,66.1,0,0,67,0,1862,,
1897,Apr,,JAC,79.5,100.6,68.7,0.25,1,36,0,261,,
1897,,,,,,,,,,0,1861,,
1897,Apr,,HYD,81.4,102.1,70.7,0.37,1,43,0,990,,
1897,Apr,,KAR,80.2,90.9,72.6,0,0,72,0,1259,,
1897,May,,JAC,93.3,114.6,81.3,0,0,32,0,287,,
1897,,,,,,,,,,0,1419,,
1897,May,,HYD,87.1,108.8,79.3,0,0,56,0,698,,
1897,May,,KAR,84.5,91.5,79.6,0,0,79,0,759,,
1897,Jun,,JAC,93.5,114.6,86.6,0.04,1,39,0,220,,
1897,,,,,,,,,,0,1182,,
1897,Jun,,HYD,90.4,110.1,83.5,0.03,1,51,0,617,,
1897,Jun,,KAR,87.3,96.1,82.7,0,0,76,0,517,,
1897,Jul,,JAC,91.3,108.8,86.1,1.16,2,62,0,171,,
1897,,,,,,,,,,0,1037,,
1897,Jul,,HYD,86.5,99.9,82.4,3.73,2,68,0,477,,
1897,Jul,,KAR,85.8,93.2,81.8,3.77,3,79,0,463,,
1897,Aug,,JAC,88,103.6,82.9,2.45,3,74,0,166,,
1897,,,,,,,,,,0,925,,
1897,Aug,,HYD,84,97.3,80.3,6.52,6,76,0,496,,
1897,Aug,,KAR,84,91,80.9,6.44,4,80,0,469,,
1897,Sep,,JAC,84.6,102.4,77.5,0.39,1,79,0,280,,
1897,,,,,,,,,,0,1000,,
1897,Sep,,HYD,83.6,96.3,78.4,0.24,1,69,0,657,,
1897,Sep,,KAR,83.7,91.7,79.2,1.59,3,77,1,636,,
1897,Oct,,JAC,71.2,99.8,59.2,0,0,57,0,526,,
1897,,,,,,,,,,0,3538,,
1897,Oct,,HYD,77.9,96.9,69.9,0,0,67,0,1482,,
1897,Oct,,KAR,78.7,91.5,70.3,0,0,78,0,965,,
1897,Nov,,JAC,62.1,90.7,54.2,0,0,67,0,640,,
1897,,,,,,,,,,0,5612,,
1897,Nov,,HYD,69.1,91.3,60.9,0,0,66,0,1917,,
1897,Nov,,KAR,70.9,87.7,63.7,0,0,72,0,1372,,
1897,Dec,,JAC,52.2,77.3,47.6,0.36,1,75,0,454,,
1897,,,,,,,,,,0,3560,,
1897,Dec,,HYD,59.8,80.9,54.2,0,0,62,0,1515,,
1897,Dec,,KAR,63.3,83,57.5,0,0,65,0,1109,,
1898,Jan,SIND,JAC,49.1,78.6,44.9,0.04,1,59,0,315,,
1898,,,,,,,,,,0,2357,,
1898,Jan,,HYD,57.3,81.9,53.1,0,0,58,0,1064,,
1898,Jan,,KAR,61.8,82.3,56.9,0,0,64,0,1063,,
1898,Feb,,JAC,54.5,80.9,49.3,0.03,1,51,0,207,,
1898,,,,,,,,,,0,1524,,
1898,Feb,,HYD,61.1,81.4,54.8,0.34,1,55,0,839,,
1898,Feb,,KAR,64.4,81.6,59.4,0.43,1,57,0,716,,
1898,Mar,,JAC,67.8,90.5,60,0,0,39,0,244,,
1898,,,,,,,,,,0,1399,,
1898,Mar,,HYD,69.6,92.1,61.4,0,0,43,0,740,,
1898,Mar,,KAR,70.6,86.4,64.6,0,0,59,0,716,,
1898,Apr,,JAC,83.7,108.9,71.2,0,0,39,0,183,,
1898,,,,,,,,,,0,1075,,
1898,Apr,,HYD,81.6,106.2,71.7,0,0,52,0,662,,
1898,Apr,,KAR,81,92,73.6,0,0,74,0,1096,,
1898,May,,JAC,89.3,112.1,79.2,0.23,1,43,0,217,,
1898,,,,,,,,,,0,1013,,
1898,May,,HYD,86.3,106.3,78.3,0.11,1,57,0,507,,
1898,May,,KAR,84.8,92.7,79.6,0,0,75,0,2177,,
1898,Jun,,JAC,93.2,117,86.9,0,0,58,0,185,,
1898,,,,,,,,,,0,844,,
1898,Jun,,HYD,88.6,104.4,83,0,0,58,0,469,,
1898,Jun,,KAR,86.5,94.4,82.5,0,0,75,0,759,,
1898,Jul,,JAC,90.6,108,85.4,2.9,3,65,0,152,,
1898,,,,,,,,,,0,881,,
1898,Jul,,HYD,85.6,98.5,81.2,3.2,6,69,0,416,,
1898,Jul,,KAR,84.5,91.9,80.7,2.17,4,78,0,444,,
1898,Aug,,JAC,84.9,106.4,80.4,0,0,72,0,147,,
1898,,,,,,,,,,0,802,,
1898,Aug,,HYD,82.5,95.9,78.8,0,0,65,0,466,,
1898,Aug,,KAR,81.3,88.7,78.3,0.07,1,78,0,431,,
1898,Sep,,JAC,83,104.8,77.5,0,0,76,0,191,,
1898,,,,,,,,,,0,938,,
1898,Sep,,HYD,80.9,97.7,76,0,0,67,0,472,,
1898,Sep,,KAR,80.8,88.9,77.2,0.57,1,75,0,315,,
1898,Oct,,JAC,73.1,101.9,61.8,0,0,n/a,0,288,,
1898,,,,,,,,,,0,1599,,
1898,Oct,,HYD,79,100.5,69.7,0,0,46,0,595,,
1898,Oct,,KAR,78.4,93.8,71.1,0,0,64,0,542,,
1898,Nov,,JAC,58.2,89,49.5,0,0,50,0,358,,
1898,,,,,,,,,,0,1841,,
1898,Nov,,HYD,67.6,89.2,60.8,0,0,40,0,749,,
1898,Nov,,KAR,71.6,90,63.6,0,0,47,0,673,,
1898,Dec,,JAC,48.2,77,42.5,0.05,1,59,0,263,,
1898,,,,,,,,,,0,1528,,
1898,Dec,,HYD,56.4,78.4,50.9,0,0,38,0,802,,
1898,Dec,,KAR,60.3,81,54.4,0,0,48,0,679,,
1899,Jan,SIND,JAC,44,74.2,37.6,0,0,49,0,280,,
1899,,,,,,,,,,0,1581,,
1899,Jan,,HYD,50.5,75.6,44.5,0,0,41,0,987,,
1899,Jan,,KAR,55.8,77,50.1,0,0,51,0,839,,
1899,Feb,,JAC,54.5,81.6,49.4,0.13,1,58,0,240,,
1899,,,,,,,,,,0,1319,,
1899,Feb,,HYD,61.2,84.4,55.7,0,0,52,0,1030,,
1899,Feb,,KAR,64.9,82.9,58.5,0,0,66,0,763,,
1899,Mar,,JAC,69.5,94,61.2,0.27,1,46,0,207,,
1899,,,,,,,,,,0,1180,,
1899,Mar,,HYD,71.2,94.9,64.3,1.11,1,57,0,987,,
1899,Mar,,KAR,73.4,87.2,67.3,0.36,1,73,1,606,,
1899,Apr,,JAC,82,104.6,69.9,0,0,33,0,182,,
1899,,,,,,,,,,0,1001,,
1899,Apr,,HYD,81.5,102.3,72.2,0,0,42,0,721,,
1899,Apr,,KAR,81.7,93.6,75.1,0,0,71,10,508,,
1899,May,,JAC,91.4,113.6,81.3,1.6,1,42,0,186,,
1899,,,,,,,,,,0,900,,
1899,May,,HYD,86.4,107.2,79,0,0,58,0,635,,
1899,May,,KAR,86,94.5,80.7,0,0,73,1804,525,,
1899,Jun,,JAC,91,114.1,84,0,0,53,0,169,,
1899,,,,,,,,,,0,791,,
1899,Jun,,HYD,86.7,103.2,81.2,0,0,58,0,582,,
1899,Jun,,KAR,87.3,96.2,81.9,0,0,72,390,378,,
1899,Jul,,JAC,87.3,110.5,83.6,0,0,72,0,133,,
1899,,,,,,,,,,0,790,,
1899,Jul,,HYD,84.7,99.2,80.9,0,0,63,0,462,,
1899,Jul,,KAR,83.1,90.9,80.4,0,0,84,105,320,,
1899,Aug,,JAC,85.5,107.3,80.6,0,0,70,0,158,,
1899,,,,,,,,,,0,694,,
1899,Aug,,HYD,82.8,96.5,78.6,0,0,64,0,417,,
1899,Aug,,KAR,82.1,90.2,79.4,0.09,1,84,57,341,,
1899,Sep,,JAC,82,106.8,74.1,0,0,70,0,238,,
1899,,,,,,,,,,0,936,,
1899,Sep,,HYD,80.4,98.8,75.3,0,0,66,0,564,,
1899,Sep,,KAR,80.4,89.2,77.2,0,0,79,18,409,,
1899,Oct,,JAC,74,100.7,61.8,0,0,50,0,345,,
1899,,,,,,,,,,0,1290,,
1899,Oct,,HYD,76.1,100.3,66.4,0,0,43,0,675,,
1899,Oct,,KAR,77.7,94.2,68.5,0,0,62,9,550,,
1899,Nov,,JAC,63.5,90.7,54.2,0,0,50,0,328,,
1899,,,,,,,,,,0,1381,,
1899,Nov,,HYD,68.3,91.2,60.2,0,0,42,0,926,,
1899,Nov,,KAR,71.1,90.4,63.7,0.18,1,64,0,685,,
1899,Dec,,JAC,54.1,81.7,48.1,0,0,57,0,317,,
1899,,,,,,,,,,0,1374,,
1899,Dec,,HYD,61.7,84.2,56.4,0,0,54,0,1093,,
1899,Dec,,KAR,66.4,84.9,61.3,0,0,63,0,679,,
1900,Jan,SIND,JAC,46.3,70.7,41.2,0.08,1,51,0,324,,
1900,,,,,,,,,,0,1490,,
1900,Jan,,HYD,52.1,72,47.2,0,0,38,0,1305,,
1900,Jan,,KAR,56.5,75.2,52.1,0,0,40,0,949,,
1900,Feb,,JAC,56.3,81.2,50,0,0,46,0,260,,
1900,,,,,,,,,,0,1281,,
1900,Feb,,HYD,60.7,82.7,54.3,0.04,1,44,0,1206,,
1900,Feb,,KAR,63.5,83,57.7,0,0,62,0,722,,
1900,Mar,,JAC,72.6,98.5,64.3,0.04,1,45,0,320,,
1900,,,,,,,,,,0,1266,,
1900,Mar,,HYD,73.6,98.5,66.4,0,0,52,0,1031,,
1900,Mar,,KAR,74.9,88.9,68.7,0,0,71,0,697,,
1900,Apr,,JAC,81.5,101.7,70.6,0.08,1,41,0,283,,
1900,,,,,,,,,,0,1405,,
1900,Apr,,HYD,82,102.3,73.2,0.03,1,44,0,943,,
1900,Apr,,KAR,81.9,94.3,75.4,0,0,66,0,600,,
1900,May,,JAC,90.2,112.1,80.4,0.05,1,42,0,319,,
1900,,,,,,,,,,0,1303,,
1900,May,,HYD,86,106.5,78,0,0,53,0,812,,
1900,May,,KAR,84.6,93.5,80.1,0,0,75,0,624,,
1900,Jun,,JAC,94.8,118,86,0,0,49,0,287,,
1900,,,,,,,,,,0,1213,,
1900,Jun,,HYD,88.8,108.7,82.5,0,0,62,59,817,,
1900,Jun,,KAR,87.8,96.9,83.7,0,0,75,0,634,,
1900,Jul,,JAC,90.7,112.5,85.9,0,0,61,0,236,,
1900,,,,,,,,,,1,1160,,
1900,Jul,,HYD,86.7,101.7,81.8,0.02,1,64,3105,923,,
1900,Jul,,KAR,84.9,93.7,83.2,0.1,1,80,310,604,,
1900,Aug,,JAC,89.1,107,83.7,3.35,2,64,0,267,,
1900,,,,,,,,,,40,1345,,
1900,Aug,,HYD,84.8,98.7,80.2,3.67,4,70,2372,1256,,
1900,Aug,,KAR,83.9,92,81.1,1.57,3,80,2200,1000,,
1900,Sep,,JAC,86.5,105.2,80.6,0.15,1,65,94,359,,
1900,,,,,,,,,,559,2350,,
1900,Sep,,HYD,83.7,99,78.4,0.04,1,66,358,1467,,
1900,Sep,,KAR,82.4,91.3,79.7,0.02,1,79,767,1195,,
1900,Oct,,JAC,73.9,99.5,62.6,0,0,51,152,491,,
1900,,,,,,,,,,273,2761,,
1900,Oct,,HYD,77.4,98.8,68.8,0,0,50,23,2152,,
1900,Oct,,KAR,78.5,94.3,71.5,0,0,62,452,1456,,
1900,Nov,,JAC,65.1,91.3,57.1,0.07,1,62,7,442,,
1900,,,,,,,,,,4,2200,,
1900,Nov,,HYD,69.9,91.1,62.8,0.06,1,53,38,3326,,
1900,Nov,,KAR,71.8,90.8,64,0.09,1,63,720,1649,,
1900,Dec,,JAC,52.3,73.1,47.2,1.43,4,70,0,371,,
1900,,,,,,,,,,0,1866,,
1900,Dec,,HYD,57,75.7,52.8,0.64,1,59,6,2724,,
1900,Dec,,KAR,62.2,80.6,56.9,0.3,1,52,107,1781,,
